PR,URL,Title,Content type,Is rendered page,HTTP status code,Organic traffic,Is in sitemap,Referenced in sitemaps,No. of all inlinks
1,https://createmy-qr.com/usecases,,text/plain; charset=utf-8,false,404,0,true,https://createmy-qr.com/sitemap.xml,58
0,https://createmy-qr.com/da/usecases,,text/plain; charset=utf-8,false,404,0,true,https://createmy-qr.com/sitemap.xml,29
0,https://createmy-qr.com/id/pricing,,text/plain; charset=utf-8,false,404,0,true,https://createmy-qr.com/sitemap.xml,29
0,https://createmy-qr.com/tr/pricing,,text/plain; charset=utf-8,false,404,0,true,https://createmy-qr.com/sitemap.xml,29
0,https://createmy-qr.com/ru/security,,text/plain; charset=utf-8,false,404,0,true,https://createmy-qr.com/sitemap.xml,29
0,https://createmy-qr.com/it/security,,text/plain; charset=utf-8,false,404,0,true,https://createmy-qr.com/sitemap.xml,29
0,https://createmy-qr.com/no/security,,text/plain; charset=utf-8,false,404,0,true,https://createmy-qr.com/sitemap.xml,29
0,https://createmy-qr.com/pl/languages,,text/plain; charset=utf-8,false,404,0,true,https://createmy-qr.com/sitemap.xml,29
0,https://createmy-qr.com/cs/security,,text/plain; charset=utf-8,false,404,0,true,https://createmy-qr.com/sitemap.xml,29
0,https://createmy-qr.com/es/security,,text/plain; charset=utf-8,false,404,0,true,https://createmy-qr.com/sitemap.xml,29
0,https://createmy-qr.com/hi/security,,text/plain; charset=utf-8,false,404,0,true,https://createmy-qr.com/sitemap.xml,29
0,https://createmy-qr.com/tr/usecases,,text/plain; charset=utf-8,false,404,0,true,https://createmy-qr.com/sitemap.xml,29
0,https://createmy-qr.com/ar/usecases,,text/plain; charset=utf-8,false,404,0,true,https://createmy-qr.com/sitemap.xml,29
0,https://createmy-qr.com/ja/pricing,,text/plain; charset=utf-8,false,404,0,true,https://createmy-qr.com/sitemap.xml,29
0,https://createmy-qr.com/pt/pricing,,text/plain; charset=utf-8,false,404,0,true,https://createmy-qr.com/sitemap.xml,29
0,https://createmy-qr.com/zh/pricing,,text/plain; charset=utf-8,false,404,0,true,https://createmy-qr.com/sitemap.xml,29
0,https://createmy-qr.com/zh/languages,,text/plain; charset=utf-8,false,404,0,true,https://createmy-qr.com/sitemap.xml,29
0,https://createmy-qr.com/el/usecases,,text/plain; charset=utf-8,false,404,0,true,https://createmy-qr.com/sitemap.xml,29
0,https://createmy-qr.com/ko/security,,text/plain; charset=utf-8,false,404,0,true,https://createmy-qr.com/sitemap.xml,29
0,https://createmy-qr.com/ar/security,,text/plain; charset=utf-8,false,404,0,true,https://createmy-qr.com/sitemap.xml,29
0,https://createmy-qr.com/fi/security,,text/plain; charset=utf-8,false,404,0,true,https://createmy-qr.com/sitemap.xml,29
0,https://createmy-qr.com/ms/usecases,,text/plain; charset=utf-8,false,404,0,true,https://createmy-qr.com/sitemap.xml,29
0,https://createmy-qr.com/th/security,,text/plain; charset=utf-8,false,404,0,true,https://createmy-qr.com/sitemap.xml,29
0,https://createmy-qr.com/hi/pricing,,text/plain; charset=utf-8,false,404,0,true,https://createmy-qr.com/sitemap.xml,29
0,https://createmy-qr.com/pt/security,,text/plain; charset=utf-8,false,404,0,true,https://createmy-qr.com/sitemap.xml,29
0,https://createmy-qr.com/pt/languages,,text/plain; charset=utf-8,false,404,0,true,https://createmy-qr.com/sitemap.xml,29
0,https://createmy-qr.com/pt/usecases,,text/plain; charset=utf-8,false,404,0,true,https://createmy-qr.com/sitemap.xml,29
0,https://createmy-qr.com/hu/languages,,text/plain; charset=utf-8,false,404,0,true,https://createmy-qr.com/sitemap.xml,29
0,https://createmy-qr.com/uk/usecases,,text/plain; charset=utf-8,false,404,0,true,https://createmy-qr.com/sitemap.xml,29
0,https://createmy-qr.com/es/pricing,,text/plain; charset=utf-8,false,404,0,true,https://createmy-qr.com/sitemap.xml,29
0,https://createmy-qr.com/no/pricing,,text/plain; charset=utf-8,false,404,0,true,https://createmy-qr.com/sitemap.xml,29
0,https://createmy-qr.com/nl/pricing,,text/plain; charset=utf-8,false,404,0,true,https://createmy-qr.com/sitemap.xml,29
0,https://createmy-qr.com/da/pricing,,text/plain; charset=utf-8,false,404,0,true,https://createmy-qr.com/sitemap.xml,29
0,https://createmy-qr.com/th/pricing,,text/plain; charset=utf-8,false,404,0,true,https://createmy-qr.com/sitemap.xml,29
0,https://createmy-qr.com/bn/security,,text/plain; charset=utf-8,false,404,0,true,https://createmy-qr.com/sitemap.xml,29
0,https://createmy-qr.com/da/security,,text/plain; charset=utf-8,false,404,0,true,https://createmy-qr.com/sitemap.xml,29
0,https://createmy-qr.com/uk/languages,,text/plain; charset=utf-8,false,404,0,true,https://createmy-qr.com/sitemap.xml,29
0,https://createmy-qr.com/vi/security,,text/plain; charset=utf-8,false,404,0,true,https://createmy-qr.com/sitemap.xml,29
0,https://createmy-qr.com/nl/languages,,text/plain; charset=utf-8,false,404,0,true,https://createmy-qr.com/sitemap.xml,29
0,https://createmy-qr.com/uk/security,,text/plain; charset=utf-8,false,404,0,true,https://createmy-qr.com/sitemap.xml,29
0,https://createmy-qr.com/bn/usecases,,text/plain; charset=utf-8,false,404,0,true,https://createmy-qr.com/sitemap.xml,29
0,https://createmy-qr.com/zh/usecases,,text/plain; charset=utf-8,false,404,0,true,https://createmy-qr.com/sitemap.xml,29
0,https://createmy-qr.com/bn/languages,,text/plain; charset=utf-8,false,404,0,true,https://createmy-qr.com/sitemap.xml,29
0,https://createmy-qr.com/es/languages,,text/plain; charset=utf-8,false,404,0,true,https://createmy-qr.com/sitemap.xml,29
0,https://createmy-qr.com/vi/pricing,,text/plain; charset=utf-8,false,404,0,true,https://createmy-qr.com/sitemap.xml,29
0,https://createmy-qr.com/no/usecases,,text/plain; charset=utf-8,false,404,0,true,https://createmy-qr.com/sitemap.xml,29
0,https://createmy-qr.com/ar/languages,,text/plain; charset=utf-8,false,404,0,true,https://createmy-qr.com/sitemap.xml,29
0,https://createmy-qr.com/zh/security,,text/plain; charset=utf-8,false,404,0,true,https://createmy-qr.com/sitemap.xml,29
0,https://createmy-qr.com/ru/usecases,,text/plain; charset=utf-8,false,404,0,true,https://createmy-qr.com/sitemap.xml,29
0,https://createmy-qr.com/tl/languages,,text/plain; charset=utf-8,false,404,0,true,https://createmy-qr.com/sitemap.xml,29
0,https://createmy-qr.com/sv/security,,text/plain; charset=utf-8,false,404,0,true,https://createmy-qr.com/sitemap.xml,29
0,https://createmy-qr.com/de/languages,,text/plain; charset=utf-8,false,404,0,true,https://createmy-qr.com/sitemap.xml,29
0,https://createmy-qr.com/ms/security,,text/plain; charset=utf-8,false,404,0,true,https://createmy-qr.com/sitemap.xml,29
0,https://createmy-qr.com/el/languages,,text/plain; charset=utf-8,false,404,0,true,https://createmy-qr.com/sitemap.xml,29
0,https://createmy-qr.com/hi/languages,,text/plain; charset=utf-8,false,404,0,true,https://createmy-qr.com/sitemap.xml,29
0,https://createmy-qr.com/hu/security,,text/plain; charset=utf-8,false,404,0,true,https://createmy-qr.com/sitemap.xml,29
0,https://createmy-qr.com/cs/usecases,,text/plain; charset=utf-8,false,404,0,true,https://createmy-qr.com/sitemap.xml,29
0,https://createmy-qr.com/ko/usecases,,text/plain; charset=utf-8,false,404,0,true,https://createmy-qr.com/sitemap.xml,29
0,https://createmy-qr.com/ms/pricing,,text/plain; charset=utf-8,false,404,0,true,https://createmy-qr.com/sitemap.xml,29
0,https://createmy-qr.com/hi/usecases,,text/plain; charset=utf-8,false,404,0,true,https://createmy-qr.com/sitemap.xml,29
0,https://createmy-qr.com/tr/security,,text/plain; charset=utf-8,false,404,0,true,https://createmy-qr.com/sitemap.xml,29
0,https://createmy-qr.com/nl/usecases,,text/plain; charset=utf-8,false,404,0,true,https://createmy-qr.com/sitemap.xml,29
0,https://createmy-qr.com/fi/pricing,,text/plain; charset=utf-8,false,404,0,true,https://createmy-qr.com/sitemap.xml,29
0,https://createmy-qr.com/cs/pricing,,text/plain; charset=utf-8,false,404,0,true,https://createmy-qr.com/sitemap.xml,29
0,https://createmy-qr.com/pl/usecases,,text/plain; charset=utf-8,false,404,0,true,https://createmy-qr.com/sitemap.xml,29
0,https://createmy-qr.com/es/usecases,,text/plain; charset=utf-8,false,404,0,true,https://createmy-qr.com/sitemap.xml,29
0,https://createmy-qr.com/it/pricing,,text/plain; charset=utf-8,false,404,0,true,https://createmy-qr.com/sitemap.xml,29
0,https://createmy-qr.com/bn/pricing,,text/plain; charset=utf-8,false,404,0,true,https://createmy-qr.com/sitemap.xml,29
0,https://createmy-qr.com/ru/languages,,text/plain; charset=utf-8,false,404,0,true,https://createmy-qr.com/sitemap.xml,29
0,https://createmy-qr.com/fr/security,,text/plain; charset=utf-8,false,404,0,true,https://createmy-qr.com/sitemap.xml,29
0,https://createmy-qr.com/id/languages,,text/plain; charset=utf-8,false,404,0,true,https://createmy-qr.com/sitemap.xml,29
0,https://createmy-qr.com/sv/languages,,text/plain; charset=utf-8,false,404,0,true,https://createmy-qr.com/sitemap.xml,29
0,https://createmy-qr.com/el/pricing,,text/plain; charset=utf-8,false,404,0,true,https://createmy-qr.com/sitemap.xml,29
0,https://createmy-qr.com/sv/pricing,,text/plain; charset=utf-8,false,404,0,true,https://createmy-qr.com/sitemap.xml,29
0,https://createmy-qr.com/fi/usecases,,text/plain; charset=utf-8,false,404,0,true,https://createmy-qr.com/sitemap.xml,29
0,https://createmy-qr.com/no/languages,,text/plain; charset=utf-8,false,404,0,true,https://createmy-qr.com/sitemap.xml,29
0,https://createmy-qr.com/fr/pricing,,text/plain; charset=utf-8,false,404,0,true,https://createmy-qr.com/sitemap.xml,29
0,https://createmy-qr.com/th/languages,,text/plain; charset=utf-8,false,404,0,true,https://createmy-qr.com/sitemap.xml,29
0,https://createmy-qr.com/ru/pricing,,text/plain; charset=utf-8,false,404,0,true,https://createmy-qr.com/sitemap.xml,29
0,https://createmy-qr.com/hu/usecases,,text/plain; charset=utf-8,false,404,0,true,https://createmy-qr.com/sitemap.xml,29
0,https://createmy-qr.com/ro/security,,text/plain; charset=utf-8,false,404,0,true,https://createmy-qr.com/sitemap.xml,29
0,https://createmy-qr.com/nl/security,,text/plain; charset=utf-8,false,404,0,true,https://createmy-qr.com/sitemap.xml,29
0,https://createmy-qr.com/sv/usecases,,text/plain; charset=utf-8,false,404,0,true,https://createmy-qr.com/sitemap.xml,29
0,https://createmy-qr.com/cs/languages,,text/plain; charset=utf-8,false,404,0,true,https://createmy-qr.com/sitemap.xml,29
0,https://createmy-qr.com/it/usecases,,text/plain; charset=utf-8,false,404,0,true,https://createmy-qr.com/sitemap.xml,29
0,https://createmy-qr.com/ro/languages,,text/plain; charset=utf-8,false,404,0,true,https://createmy-qr.com/sitemap.xml,29
0,https://createmy-qr.com/th/usecases,,text/plain; charset=utf-8,false,404,0,true,https://createmy-qr.com/sitemap.xml,29
0,https://createmy-qr.com/id/usecases,,text/plain; charset=utf-8,false,404,0,true,https://createmy-qr.com/sitemap.xml,29
0,https://createmy-qr.com/ar/pricing,,text/plain; charset=utf-8,false,404,0,true,https://createmy-qr.com/sitemap.xml,29
0,https://createmy-qr.com/de/pricing,,text/plain; charset=utf-8,false,404,0,true,https://createmy-qr.com/sitemap.xml,29
0,https://createmy-qr.com/ro/pricing,,text/plain; charset=utf-8,false,404,0,true,https://createmy-qr.com/sitemap.xml,29
0,https://createmy-qr.com/tl/pricing,,text/plain; charset=utf-8,false,404,0,true,https://createmy-qr.com/sitemap.xml,29
0,https://createmy-qr.com/ja/usecases,,text/plain; charset=utf-8,false,404,0,true,https://createmy-qr.com/sitemap.xml,29
0,https://createmy-qr.com/el/security,,text/plain; charset=utf-8,false,404,0,true,https://createmy-qr.com/sitemap.xml,29
0,https://createmy-qr.com/tl/security,,text/plain; charset=utf-8,false,404,0,true,https://createmy-qr.com/sitemap.xml,29
0,https://createmy-qr.com/ko/languages,,text/plain; charset=utf-8,false,404,0,true,https://createmy-qr.com/sitemap.xml,29
0,https://createmy-qr.com/ja/languages,,text/plain; charset=utf-8,false,404,0,true,https://createmy-qr.com/sitemap.xml,29
0,https://createmy-qr.com/ro/usecases,,text/plain; charset=utf-8,false,404,0,true,https://createmy-qr.com/sitemap.xml,29
0,https://createmy-qr.com/da/languages,,text/plain; charset=utf-8,false,404,0,true,https://createmy-qr.com/sitemap.xml,29
0,https://createmy-qr.com/fr/languages,,text/plain; charset=utf-8,false,404,0,true,https://createmy-qr.com/sitemap.xml,29
0,https://createmy-qr.com/de/security,,text/plain; charset=utf-8,false,404,0,true,https://createmy-qr.com/sitemap.xml,29
0,https://createmy-qr.com/pl/security,,text/plain; charset=utf-8,false,404,0,true,https://createmy-qr.com/sitemap.xml,29
0,https://createmy-qr.com/vi/usecases,,text/plain; charset=utf-8,false,404,0,true,https://createmy-qr.com/sitemap.xml,29
0,https://createmy-qr.com/fi/languages,,text/plain; charset=utf-8,false,404,0,true,https://createmy-qr.com/sitemap.xml,29
0,https://createmy-qr.com/ja/security,,text/plain; charset=utf-8,false,404,0,true,https://createmy-qr.com/sitemap.xml,29
0,https://createmy-qr.com/uk/pricing,,text/plain; charset=utf-8,false,404,0,true,https://createmy-qr.com/sitemap.xml,29
0,https://createmy-qr.com/tr/languages,,text/plain; charset=utf-8,false,404,0,true,https://createmy-qr.com/sitemap.xml,29
0,https://createmy-qr.com/pl/pricing,,text/plain; charset=utf-8,false,404,0,true,https://createmy-qr.com/sitemap.xml,29
0,https://createmy-qr.com/ko/pricing,,text/plain; charset=utf-8,false,404,0,true,https://createmy-qr.com/sitemap.xml,29
0,https://createmy-qr.com/de/usecases,,text/plain; charset=utf-8,false,404,0,true,https://createmy-qr.com/sitemap.xml,29
0,https://createmy-qr.com/it/languages,,text/plain; charset=utf-8,false,404,0,true,https://createmy-qr.com/sitemap.xml,29
0,https://createmy-qr.com/vi/languages,,text/plain; charset=utf-8,false,404,0,true,https://createmy-qr.com/sitemap.xml,29
0,https://createmy-qr.com/fr/usecases,,text/plain; charset=utf-8,false,404,0,true,https://createmy-qr.com/sitemap.xml,29
0,https://createmy-qr.com/tl/usecases,,text/plain; charset=utf-8,false,404,0,true,https://createmy-qr.com/sitemap.xml,29
0,https://createmy-qr.com/ms/languages,,text/plain; charset=utf-8,false,404,0,true,https://createmy-qr.com/sitemap.xml,29
0,https://createmy-qr.com/id/security,,text/plain; charset=utf-8,false,404,0,true,https://createmy-qr.com/sitemap.xml,29
0,https://createmy-qr.com/hu/pricing,,text/plain; charset=utf-8,false,404,0,true,https://createmy-qr.com/sitemap.xml,29
