PR,URL,Title,Content type,Is rendered page,HTTP status code,Organic traffic,Is indexable page,No. of all inlinks,Is in sitemap,First found at
21,https://createmy-qr.com/vi/,"CreateMy-QR | Tất cả QR & Mã vạch Công cụ ở một nơi
CreateMy-QR | Tất cả QR & Mã vạch Công cụ ở một nơi
home - Tạo Mã QR Miễn Phí Trực Tuyến - CreateMy-QR",text/html; charset=utf-8,false,200,0,true,59,false,https://createmy-qr.com/
21,https://createmy-qr.com/hi/,"CreateMy-QR | सभी क्यूआर और बारकोड एक ही स्थान पर उपकरण
CreateMy-QR | सभी क्यूआर और बारकोड एक ही स्थान पर उपकरण
home - मुफ़्त ऑनलाइन क्यूआर कोड जनरेटर - CreateMy-QR",text/html; charset=utf-8,false,200,0,true,59,false,https://createmy-qr.com/
21,https://createmy-qr.com/ko/,"CreateMy-QR | 모든 QR 코드 & 바코드 도구를 한 곳에서
CreateMy-QR | 모든 QR 코드 & 바코드 도구를 한 곳에서
home - 무료 온라인 QR 코드 생성기 - CreateMy-QR",text/html; charset=utf-8,false,200,0,true,59,false,https://createmy-qr.com/
21,https://createmy-qr.com/es/,"CreateMy-QR | Todas las Herramientas QR y Barras en un Solo Lugar
CreateMy-QR | Todas las Herramientas QR y Barras en un Solo Lugar
home - Generador de Códigos QR Gratis Online - CreateMy-QR",text/html; charset=utf-8,false,200,0,true,59,false,https://createmy-qr.com/
21,https://createmy-qr.com/hu/,"CreateMy-QR | Minden QR és vonalkód Eszközök egy helyen
CreateMy-QR | Minden QR és vonalkód Eszközök egy helyen
home - Ingyenes Online QR-kód Generátor - CreateMy-QR",text/html; charset=utf-8,false,200,0,true,59,false,https://createmy-qr.com/
21,https://createmy-qr.com/pt/,"CreateMy-QR | Todas as Ferramentas QR & Código de Barras em Um Só Lugar
CreateMy-QR | Todas as Ferramentas QR & Código de Barras em Um Só Lugar
home - Gerador de Código QR Grátis Online - CreateMy-QR",text/html; charset=utf-8,false,200,0,true,59,false,https://createmy-qr.com/
21,https://createmy-qr.com/tr/,"CreateMy-QR | Tüm QR ve Barkod Araçları Tek Bir Yerde
CreateMy-QR | Tüm QR ve Barkod Araçları Tek Bir Yerde
home - Ücretsiz Çevrimiçi QR Kod Oluşturucu - CreateMy-QR",text/html; charset=utf-8,false,200,0,true,59,false,https://createmy-qr.com/
21,https://createmy-qr.com/de/,"CreateMy-QR | Alle QR & Barcode-Tools an einem Ort
CreateMy-QR | Alle QR & Barcode-Tools an einem Ort
home - Kostenloser QR-Code Generator Online - CreateMy-QR",text/html; charset=utf-8,false,200,0,true,59,false,https://createmy-qr.com/
21,https://createmy-qr.com/fi/,"CreateMy-QR | Kaikki QR ja viivakoodi Työkalut yhdessä paikassa
CreateMy-QR | Kaikki QR ja viivakoodi Työkalut yhdessä paikassa
home - Ilmainen QR-koodigeneraattori Netissä - CreateMy-QR",text/html; charset=utf-8,false,200,0,true,59,false,https://createmy-qr.com/
21,https://createmy-qr.com/bn/,"CreateMy-QR | সমস্ত QR এবং বারকোড এক জায়গায় টুল
CreateMy-QR | সমস্ত QR এবং বারকোড এক জায়গায় টুল
home - ফ্রি অনলাইন কিউআর কোড জেনারেটর - CreateMy-QR",text/html; charset=utf-8,false,200,0,true,59,false,https://createmy-qr.com/
21,https://createmy-qr.com/zh/,"CreateMy-QR | 所有二维码和条形码 工具一站搞定
CreateMy-QR | 所有二维码和条形码 工具一站搞定
home - 免费在线二维码生成器 - CreateMy-QR",text/html; charset=utf-8,false,200,0,true,59,false,https://createmy-qr.com/
21,https://createmy-qr.com/pl/,"CreateMy-QR | Wszystkie kody QR i kreskowe Narzędzia w jednym miejscu
CreateMy-QR | Wszystkie kody QR i kreskowe Narzędzia w jednym miejscu
home - Darmowy Generator Kodów QR Online - CreateMy-QR",text/html; charset=utf-8,false,200,0,true,59,false,https://createmy-qr.com/
21,https://createmy-qr.com/ms/,"CreateMy-QR | Semua QR & Kod Bar Alat di Satu Tempat
CreateMy-QR | Semua QR & Kod Bar Alat di Satu Tempat
home - Penjana Kod QR Percuma Dalam Talian - CreateMy-QR",text/html; charset=utf-8,false,200,0,true,59,false,https://createmy-qr.com/
21,https://createmy-qr.com/ro/,"CreateMy-QR | Toate QR și coduri de bare Instrumente într-un singur loc
CreateMy-QR | Toate QR și coduri de bare Instrumente într-un singur loc
home - Generator de Coduri QR Gratuit Online - CreateMy-QR",text/html; charset=utf-8,false,200,0,true,59,false,https://createmy-qr.com/
21,https://createmy-qr.com/el/,"CreateMy-QR | Όλα τα QR & Barcode Εργαλεία σε ένα μέρος
CreateMy-QR | Όλα τα QR & Barcode Εργαλεία σε ένα μέρος
home - Δωρεάν Δημιουργία QR Code Online - CreateMy-QR",text/html; charset=utf-8,false,200,0,true,59,false,https://createmy-qr.com/
21,https://createmy-qr.com/ar/,"CreateMy-QR | جميع أدوات QR والباركود في مكان واحد
CreateMy-QR | جميع أدوات QR والباركود في مكان واحد
home - مولد رمز الاستجابة السريعة مجاني - CreateMy-QR",text/html; charset=utf-8,false,200,0,true,59,false,https://createmy-qr.com/
21,https://createmy-qr.com/it/,"CreateMy-QR | Tutti gli Strumenti QR & Barcode in un Unico Posto
CreateMy-QR | Tutti gli Strumenti QR & Barcode in un Unico Posto
home - Generatore di Codici QR Gratis Online - CreateMy-QR",text/html; charset=utf-8,false,200,0,true,59,false,https://createmy-qr.com/
21,https://createmy-qr.com/da/,"CreateMy-QR | Alle QR & stregkoder Værktøjer på ét sted
CreateMy-QR | Alle QR & stregkoder Værktøjer på ét sted
home - Gratis QR Kode Generator Online - CreateMy-QR",text/html; charset=utf-8,false,200,0,true,59,false,https://createmy-qr.com/
21,https://createmy-qr.com/ru/,"CreateMy-QR | Все Инструменты QR и Штрихкодов в Одном Месте
CreateMy-QR | Все Инструменты QR и Штрихкодов в Одном Месте
home - Бесплатный генератор QR-кодов онлайн - CreateMy-QR",text/html; charset=utf-8,false,200,0,true,59,false,https://createmy-qr.com/
21,https://createmy-qr.com/tl/,"CreateMy-QR | Lahat ng QR at Barcode Mga Tool sa Isang Lugar
CreateMy-QR | Lahat ng QR at Barcode Mga Tool sa Isang Lugar
home - Libreng Online QR Code Generator - CreateMy-QR",text/html; charset=utf-8,false,200,0,true,59,false,https://createmy-qr.com/
21,https://createmy-qr.com/cs/,"CreateMy-QR | Všechny QR a čárové kódy Nástroje na jednom místě
CreateMy-QR | Všechny QR a čárové kódy Nástroje na jednom místě
home - Zdarma Online Generátor QR Kódů - CreateMy-QR",text/html; charset=utf-8,false,200,0,true,59,false,https://createmy-qr.com/
21,https://createmy-qr.com/th/,"CreateMy-QR | QR และบาร์โค้ดทั้งหมด เครื่องมือในที่เดียว
CreateMy-QR | QR และบาร์โค้ดทั้งหมด เครื่องมือในที่เดียว
home - เครื่องมือสร้างคิวอาร์โค้ดออนไลน์ฟรี - CreateMy-QR",text/html; charset=utf-8,false,200,0,true,59,false,https://createmy-qr.com/
21,https://createmy-qr.com/no/,"CreateMy-QR | Alle QR og strekkoder Verktøy på ett sted
CreateMy-QR | Alle QR og strekkoder Verktøy på ett sted
home - Gratis QR-kode Generator Online - CreateMy-QR",text/html; charset=utf-8,false,200,0,true,59,false,https://createmy-qr.com/
21,https://createmy-qr.com/ja/,"CreateMy-QR | すべてのQRコード・バーコード ツールが一か所に
CreateMy-QR | すべてのQRコード・バーコード ツールが一か所に
home - 無料QRコード作成・ジェネレーター - CreateMy-QR",text/html; charset=utf-8,false,200,0,true,59,false,https://createmy-qr.com/
21,https://createmy-qr.com/fr/,"CreateMy-QR | Tous les Outils QR & Code-Barres en Un Seul Endroit
CreateMy-QR | Tous les Outils QR & Code-Barres en Un Seul Endroit
home - Générateur de Code QR Gratuit en Ligne - CreateMy-QR",text/html; charset=utf-8,false,200,0,true,59,false,https://createmy-qr.com/
21,https://createmy-qr.com/sv/,"CreateMy-QR | Alla QR & streckkoder Verktyg på ett ställe
CreateMy-QR | Alla QR & streckkoder Verktyg på ett ställe
home - Gratis QR-kod Generator Online - CreateMy-QR",text/html; charset=utf-8,false,200,0,true,59,false,https://createmy-qr.com/
21,https://createmy-qr.com/nl/,"CreateMy-QR | Alle QR & Barcode Tools op één Plek
CreateMy-QR | Alle QR & Barcode Tools op één Plek
home - Gratis QR Code Generator Online - CreateMy-QR",text/html; charset=utf-8,false,200,0,true,59,false,https://createmy-qr.com/
21,https://createmy-qr.com/id/,"CreateMy-QR | Semua Alat QR & Barcode dalam Satu Tempat
CreateMy-QR | Semua Alat QR & Barcode dalam Satu Tempat
home - Generator QR Code Gratis Online - CreateMy-QR",text/html; charset=utf-8,false,200,0,true,59,false,https://createmy-qr.com/
21,https://createmy-qr.com/uk/,"CreateMy-QR | Усі QR та штрих-коди Інструменти в одному місці
CreateMy-QR | Усі QR та штрих-коди Інструменти в одному місці
home - Безкоштовний Генератор QR-кодів Онлайн - CreateMy-QR",text/html; charset=utf-8,false,200,0,true,59,false,https://createmy-qr.com/
