PR,URL,Title,Content type,Is rendered page,HTTP status code,Organic traffic,Size (bytes),Time to first byte (ms),Loading time (ms),Depth,Is indexable page,No. of all inlinks,First found at
21,https://createmy-qr.com/de/ereignis-kostenloser-qr-code-generator-online,"Ereignis QR-Code-Generator – kostenlos und benutzerdefiniert | CreateMy-QR
Ereignis - Kostenloser QR-Code Generator Online - CreateMy-QR",text/html; charset=utf-8,false,200,0,16561,1737,1737,0,true,92,
21,https://createmy-qr.com/tl/mga-tuntunin-ng-serbisyo,"Libreng Online QR Code Generator - CreateMy-QR (No Signup) | Mga Tuntunin ng Serbisyo
types.terms QR Code Generator - Libre at Custom | CreateMy-QR
Mga Tuntunin ng Serbisyo | CreateMy-QR",text/html; charset=utf-8,false,200,0,12827,1596,1596,0,true,91,
21,https://createmy-qr.com/pl/darmowy-generator-kodow-qr-online-2,"Bezpłatny skaner kodów QR online — natychmiastowe skanowanie kodów QR
Generator kodów QR types.scanqr — bezpłatny i niestandardowy | CreateMy-QR
scanqr - Darmowy Generator Kodów QR Online - CreateMy-QR",text/html; charset=utf-8,false,200,0,14696,1566,1566,0,true,91,
21,https://createmy-qr.com/pt/linkedin-gerador-de-codigo-qr-gratis-online,"Gerador de código QR LinkedIn - gratuito e personalizado | CreateMy-QR
LinkedIn - Gerador de Código QR Grátis Online - CreateMy-QR",text/html; charset=utf-8,false,200,0,16308,1555,1555,0,true,92,
20,https://createmy-qr.com/id/compare,"Generator QR Code Gratis Online - CreateMy-QR (No Signup) | Bandingkan Alat
Generator QR Code Gratis Online - CreateMy-QR (No Signup) | CreateMy-QR
Compare Plans - CreateMy-QR",text/html; charset=utf-8,false,200,0,13207,2092,2093,0,true,29,
