PR,URL,Title,Content type,Is rendered page,HTTP status code,Organic traffic,Depth,Title patch,Title patch status,Title length,No. of titles,Is indexable page
1,https://createmy-qr.com/ro,"CreateMy-QR | Toate QR și coduri de bare Instrumente într-un singur loc
CreateMy-QR | Toate QR și coduri de bare Instrumente într-un singur loc
home - Generator de Coduri QR Gratuit Online - CreateMy-QR",text/html; charset=utf-8,false,200,0,0,,,"71
71
58",3,false
1,https://createmy-qr.com/pt,"CreateMy-QR | Todas as Ferramentas QR & Código de Barras em Um Só Lugar
CreateMy-QR | Todas as Ferramentas QR & Código de Barras em Um Só Lugar
home - Gerador de Código QR Grátis Online - CreateMy-QR",text/html; charset=utf-8,false,200,0,0,,,"71
71
55",3,false
