PR,URL,Title,Content type,Is rendered page,HTTP status code,Organic traffic,Depth,Meta description,Meta description patch,Meta description patch status,Meta description length,No. of meta descriptions,Is indexable page
1,https://createmy-qr.com/de,"CreateMy-QR | Alle QR & Barcode-Tools an einem Ort
CreateMy-QR | Alle QR & Barcode-Tools an einem Ort
home - Kostenloser QR-Code Generator Online - CreateMy-QR",text/html; charset=utf-8,false,200,0,0,"Wandeln Sie Ihre home-Daten direkt in Ihrem Browser in einen benutzerdefinierten QR-Code um. 100 % offline verarbeitet für absolute Privatsphäre. Kostenlos, ohne Grenzen und äußerst sicher.
Erstelle 37 Arten von QR-Codes und Barcodes kostenlos. Ohne Anmeldung. Sofortiger Download. 100% clientseitig, ISO/IEC 18004-konform, in 30 Sprachen.
Erstelle 37 Arten von QR-Codes und Barcodes kostenlos. Ohne Anmeldung. Sofortiger Download. 100% clientseitig, ISO/IEC 18004-konform, in 30 Sprachen.",,,"189
149
149",3,false
1,https://createmy-qr.com/sv,"CreateMy-QR | Alla QR & streckkoder Verktyg på ett ställe
CreateMy-QR | Alla QR & streckkoder Verktyg på ett ställe
home - Gratis QR-kod Generator Online - CreateMy-QR",text/html; charset=utf-8,false,200,0,0,"Konvertera dina home-data till en anpassad QR-kod direkt i din webbläsare. 100 % bearbetad offline för absolut integritet. Gratis, inga gränser och mycket säker.
Generera 37 typer av QR-koder och streckkoder gratis. Ingen registrering. Omedelbar nedladdning. 100 % klientsida, ISO/IEC 18004-kompatibel, tillgänglig på 30 språk.
Generera 37 typer av QR-koder och streckkoder gratis. Ingen registrering. Omedelbar nedladdning. 100 % klientsida, ISO/IEC 18004-kompatibel, tillgänglig på 30 språk.",,,"161
165
165",3,false
1,https://createmy-qr.com/it,"CreateMy-QR | Tutti gli Strumenti QR & Barcode in un Unico Posto
CreateMy-QR | Tutti gli Strumenti QR & Barcode in un Unico Posto
home - Generatore di Codici QR Gratis Online - CreateMy-QR",text/html; charset=utf-8,false,200,0,0,"Converti i tuoi dati home in un codice QR personalizzato direttamente nel tuo browser. Elaborato offline al 100% per una privacy assoluta. Gratuito, senza limiti e altamente sicuro.
Genera 37 tipi di QR code e barcode gratuitamente. Senza registrazione. Download istantaneo. 100% lato client, conforme ISO/IEC 18004, in 30 lingue.
Genera 37 tipi di QR code e barcode gratuitamente. Senza registrazione. Download istantaneo. 100% lato client, conforme ISO/IEC 18004, in 30 lingue.",,,"181
148
148",3,false
1,https://createmy-qr.com/pl,"CreateMy-QR | Wszystkie kody QR i kreskowe Narzędzia w jednym miejscu
CreateMy-QR | Wszystkie kody QR i kreskowe Narzędzia w jednym miejscu
home - Darmowy Generator Kodów QR Online - CreateMy-QR",text/html; charset=utf-8,false,200,0,0,"Konwertuj dane home na niestandardowy kod QR bezpośrednio w przeglądarce. 100% przetwarzane w trybie offline, aby zapewnić całkowitą prywatność. Bezpłatnie, bez ograniczeń i bardzo bezpiecznie.
Wygeneruj za darmo 37 rodzajów kodów QR i kodów kreskowych. Brak rejestracji. Natychmiastowe pobieranie. W 100% po stronie klienta, zgodny z normą ISO/IEC 18004, dostępny w 30 językach.
Wygeneruj za darmo 37 rodzajów kodów QR i kodów kreskowych. Brak rejestracji. Natychmiastowe pobieranie. W 100% po stronie klienta, zgodny z normą ISO/IEC 18004, dostępny w 30 językach.",,,"193
185
185",3,false
1,https://createmy-qr.com/ro,"CreateMy-QR | Toate QR și coduri de bare Instrumente într-un singur loc
CreateMy-QR | Toate QR și coduri de bare Instrumente într-un singur loc
home - Generator de Coduri QR Gratuit Online - CreateMy-QR",text/html; charset=utf-8,false,200,0,0,"Transformați datele dvs. home într-un cod QR personalizat direct în browser. Procesat 100% offline pentru confidențialitate absolută. Gratuit, fără limite și foarte sigur.
Generați 37 de tipuri de coduri QR și coduri de bare gratuit.Fără înscriere.Descărcare instantanee.100% partea clientului, conform ISO/IEC 18004, disponibil în 30 de limbi.
Generați 37 de tipuri de coduri QR și coduri de bare gratuit.Fără înscriere.Descărcare instantanee.100% partea clientului, conform ISO/IEC 18004, disponibil în 30 de limbi.",,,"171
172
172",3,false
1,https://createmy-qr.com/pt,"CreateMy-QR | Todas as Ferramentas QR & Código de Barras em Um Só Lugar
CreateMy-QR | Todas as Ferramentas QR & Código de Barras em Um Só Lugar
home - Gerador de Código QR Grátis Online - CreateMy-QR",text/html; charset=utf-8,false,200,0,0,"Converta seus dados do home em um código QR personalizado diretamente no seu navegador. 100% processado offline para privacidade absoluta. Gratuito, sem limites e altamente seguro.
Gere 37 tipos de QR codes e códigos de barras gratuitamente. Sem cadastro. Download instantâneo. 100% no lado do cliente, em conformidade com ISO/IEC 18004, em 30 idiomas.
Gere 37 tipos de QR codes e códigos de barras gratuitamente. Sem cadastro. Download instantâneo. 100% no lado do cliente, em conformidade com ISO/IEC 18004, em 30 idiomas.",,,"180
171
171",3,false
1,https://createmy-qr.com/bn,"CreateMy-QR | সমস্ত QR এবং বারকোড এক জায়গায় টুল
CreateMy-QR | সমস্ত QR এবং বারকোড এক জায়গায় টুল
home - ফ্রি অনলাইন কিউআর কোড জেনারেটর - CreateMy-QR",text/html; charset=utf-8,false,200,0,0,"আপনার ব্রাউজারে সরাসরি একটি কাস্টম QR কোডে আপনার home ডেটা রূপান্তর করুন। সম্পূর্ণ গোপনীয়তার জন্য 100% অফলাইনে প্রক্রিয়া করা হয়েছে। বিনামূল্যে, কোন সীমা নেই, এবং অত্যন্ত নিরাপদ।
বিনামূল্যে 37 ধরনের QR কোড এবং বারকোড তৈরি করুন।সাইন আপ নেই।তাত্ক্ষণিক ডাউনলোড।100% ক্লায়েন্ট-সাইড, ISO/IEC 18004-সম্মত, 30টি ভাষায় উপলব্ধ।
বিনামূল্যে 37 ধরনের QR কোড এবং বারকোড তৈরি করুন।সাইন আপ নেই।তাত্ক্ষণিক ডাউনলোড।100% ক্লায়েন্ট-সাইড, ISO/IEC 18004-সম্মত, 30টি ভাষায় উপলব্ধ।",,,"180
141
141",3,false
1,https://createmy-qr.com/hu,"CreateMy-QR | Minden QR és vonalkód Eszközök egy helyen
CreateMy-QR | Minden QR és vonalkód Eszközök egy helyen
home - Ingyenes Online QR-kód Generátor - CreateMy-QR",text/html; charset=utf-8,false,200,0,0,"Alakítsa át home adatait egyéni QR-kóddá közvetlenül a böngészőjében. 100%-ban offline feldolgozva az abszolút adatvédelem érdekében. Ingyenes, korlátok nélkül és rendkívül biztonságos.
Generáljon ingyenesen 37 féle QR-kódot és vonalkódot.Nincs regisztráció.Azonnali letöltés.100%-ban kliensoldali, ISO/IEC 18004-kompatibilis, 30 nyelven elérhető.
Generáljon ingyenesen 37 féle QR-kódot és vonalkódot.Nincs regisztráció.Azonnali letöltés.100%-ban kliensoldali, ISO/IEC 18004-kompatibilis, 30 nyelven elérhető.",,,"185
161
161",3,false
1,https://createmy-qr.com/fi,"CreateMy-QR | Kaikki QR ja viivakoodi Työkalut yhdessä paikassa
CreateMy-QR | Kaikki QR ja viivakoodi Työkalut yhdessä paikassa
home - Ilmainen QR-koodigeneraattori Netissä - CreateMy-QR",text/html; charset=utf-8,false,200,0,0,"Muunna home-tietosi mukautetuksi QR-koodiksi suoraan selaimessasi. 100 % käsitelty offline-tilassa täydellisen yksityisyyden takaamiseksi. Ilmainen, ei rajoituksia ja erittäin turvallinen.
Luo 37 erilaista QR-koodia ja viivakoodia ilmaiseksi.Ei ilmoittautumista.Välitön lataus.100 % asiakaspuolen, ISO/IEC 18004 -yhteensopiva, saatavana 30 kielellä.
Luo 37 erilaista QR-koodia ja viivakoodia ilmaiseksi.Ei ilmoittautumista.Välitön lataus.100 % asiakaspuolen, ISO/IEC 18004 -yhteensopiva, saatavana 30 kielellä.",,,"188
160
160",3,false
1,https://createmy-qr.com/ar,"CreateMy-QR | جميع أدوات QR والباركود في مكان واحد
CreateMy-QR | جميع أدوات QR والباركود في مكان واحد
home - مولد رمز الاستجابة السريعة مجاني - CreateMy-QR",text/html; charset=utf-8,false,200,0,0,"قم بتحويل بيانات home الخاصة بك إلى رمز QR مخصص مباشرةً في متصفحك. تمت معالجتها بنسبة 100% دون الاتصال بالإنترنت لتوفير الخصوصية المطلقة. مجاني، بلا حدود، وآمن للغاية.
أنشئ 37 نوعاً من رموز QR والباركود مجاناً. بدون تسجيل. تنزيل فوري. 100% على جانب العميل، متوافق مع ISO/IEC 18004، في 30 لغة.
أنشئ 37 نوعاً من رموز QR والباركود مجاناً. بدون تسجيل. تنزيل فوري. 100% على جانب العميل، متوافق مع ISO/IEC 18004، في 30 لغة.",,,"167
124
124",3,false
1,https://createmy-qr.com/vi,"CreateMy-QR | Tất cả QR & Mã vạch Công cụ ở một nơi
CreateMy-QR | Tất cả QR & Mã vạch Công cụ ở một nơi
home - Tạo Mã QR Miễn Phí Trực Tuyến - CreateMy-QR",text/html; charset=utf-8,false,200,0,0,"Chuyển đổi dữ liệu home của bạn thành mã QR tùy chỉnh trực tiếp trong trình duyệt của bạn. 100% được xử lý ngoại tuyến để đảm bảo quyền riêng tư tuyệt đối. Miễn phí, không giới hạn và có tính bảo mật cao.
Tạo 37 loại mã QR và mã vạch miễn phí. Không đăng ký. Tải xuống ngay lập tức. 100% phía khách hàng, tuân thủ ISO/IEC 18004, có sẵn bằng 30 ngôn ngữ.
Tạo 37 loại mã QR và mã vạch miễn phí. Không đăng ký. Tải xuống ngay lập tức. 100% phía khách hàng, tuân thủ ISO/IEC 18004, có sẵn bằng 30 ngôn ngữ.",,,"204
148
148",3,false
1,https://createmy-qr.com/fr,"CreateMy-QR | Tous les Outils QR & Code-Barres en Un Seul Endroit
CreateMy-QR | Tous les Outils QR & Code-Barres en Un Seul Endroit
home - Générateur de Code QR Gratuit en Ligne - CreateMy-QR",text/html; charset=utf-8,false,200,0,0,"Convertissez vos données home en un code QR personnalisé directement dans votre navigateur. 100 % traité hors ligne pour une confidentialité absolue. Gratuit, sans limites et hautement sécurisé.
Générez 37 types de QR codes et codes-barres gratuitement. Sans inscription. Téléchargement instantané. 100% côté client, conforme ISO/IEC 18004, en 30 langues.
Générez 37 types de QR codes et codes-barres gratuitement. Sans inscription. Téléchargement instantané. 100% côté client, conforme ISO/IEC 18004, en 30 langues.",,,"194
160
160",3,false
1,https://createmy-qr.com/th,"CreateMy-QR | QR และบาร์โค้ดทั้งหมด เครื่องมือในที่เดียว
CreateMy-QR | QR และบาร์โค้ดทั้งหมด เครื่องมือในที่เดียว
home - เครื่องมือสร้างคิวอาร์โค้ดออนไลน์ฟรี - CreateMy-QR",text/html; charset=utf-8,false,200,0,0,"แปลงข้อมูล home ของคุณให้เป็นโค้ด QR ที่กำหนดเองได้โดยตรงในเบราว์เซอร์ของคุณ ประมวลผลแบบออฟไลน์ 100% เพื่อความเป็นส่วนตัวอย่างแท้จริง ฟรี ไม่จำกัด และมีความปลอดภัยสูง
สร้างรหัส QR และบาร์โค้ด 37 ประเภทฟรีไม่มีการลงทะเบียนดาวน์โหลดทันทีฝั่งไคลเอ็นต์ 100% เป็นไปตามมาตรฐาน ISO/IEC 18004 ให้บริการใน 30 ภาษา
สร้างรหัส QR และบาร์โค้ด 37 ประเภทฟรีไม่มีการลงทะเบียนดาวน์โหลดทันทีฝั่งไคลเอ็นต์ 100% เป็นไปตามมาตรฐาน ISO/IEC 18004 ให้บริการใน 30 ภาษา",,,"166
137
137",3,false
1,https://createmy-qr.com/es,"CreateMy-QR | Todas las Herramientas QR y Barras en un Solo Lugar
CreateMy-QR | Todas las Herramientas QR y Barras en un Solo Lugar
home - Generador de Códigos QR Gratis Online - CreateMy-QR",text/html; charset=utf-8,false,200,0,0,"Convierta sus datos de home en un código QR personalizado directamente en su navegador. 100% procesado fuera de línea para absoluta privacidad. Gratis, sin límites y muy seguro.
Genera 37 tipos de códigos QR y de barras gratis. Sin registro. Descarga instantánea. 100% del lado del cliente, conforme ISO/IEC 18004, en 30 idiomas.
Genera 37 tipos de códigos QR y de barras gratis. Sin registro. Descarga instantánea. 100% del lado del cliente, conforme ISO/IEC 18004, en 30 idiomas.",,,"177
151
151",3,false
1,https://createmy-qr.com/uk,"CreateMy-QR | Усі QR та штрих-коди Інструменти в одному місці
CreateMy-QR | Усі QR та штрих-коди Інструменти в одному місці
home - Безкоштовний Генератор QR-кодів Онлайн - CreateMy-QR",text/html; charset=utf-8,false,200,0,0,"Перетворіть свої дані home на власний QR-код безпосередньо у своєму браузері. 100% обробка офлайн для повної конфіденційності. Безкоштовно, без обмежень і дуже безпечно.
Згенеруйте 37 типів QR-кодів і штрих-кодів безкоштовно.Без реєстрації.Миттєве завантаження.100% клієнтська сторона, сумісна з ISO/IEC 18004, доступна 30 мовами.
Згенеруйте 37 типів QR-кодів і штрих-кодів безкоштовно.Без реєстрації.Миттєве завантаження.100% клієнтська сторона, сумісна з ISO/IEC 18004, доступна 30 мовами.",,,"169
160
160",3,false
1,https://createmy-qr.com/ms,"CreateMy-QR | Semua QR & Kod Bar Alat di Satu Tempat
CreateMy-QR | Semua QR & Kod Bar Alat di Satu Tempat
home - Penjana Kod QR Percuma Dalam Talian - CreateMy-QR",text/html; charset=utf-8,false,200,0,0,"Tukar data home anda kepada kod QR tersuai terus dalam penyemak imbas anda. 100% diproses di luar talian untuk privasi mutlak. Percuma, tiada had dan sangat selamat.
Hasilkan 37 jenis kod QR dan kod bar secara percuma.Tiada pendaftaran.Muat turun segera.100% bahagian pelanggan, mematuhi ISO/IEC 18004, tersedia dalam 30 bahasa.
Hasilkan 37 jenis kod QR dan kod bar secara percuma.Tiada pendaftaran.Muat turun segera.100% bahagian pelanggan, mematuhi ISO/IEC 18004, tersedia dalam 30 bahasa.",,,"165
162
162",3,false
1,https://createmy-qr.com/no,"CreateMy-QR | Alle QR og strekkoder Verktøy på ett sted
CreateMy-QR | Alle QR og strekkoder Verktøy på ett sted
home - Gratis QR-kode Generator Online - CreateMy-QR",text/html; charset=utf-8,false,200,0,0,"Konverter home-dataene dine til en tilpasset QR-kode direkte i nettleseren din. 100 % behandlet offline for absolutt personvern. Gratis, ingen grenser og svært sikker.
Generer 37 typer QR-koder og strekkoder gratis.Ingen påmelding.Øyeblikkelig nedlasting.100 % klientside, ISO/IEC 18004-kompatibel, tilgjengelig på 30 språk.
Generer 37 typer QR-koder og strekkoder gratis.Ingen påmelding.Øyeblikkelig nedlasting.100 % klientside, ISO/IEC 18004-kompatibel, tilgjengelig på 30 språk.",,,"167
156
156",3,false
1,https://createmy-qr.com/nl,"CreateMy-QR | Alle QR & Barcode Tools op één Plek
CreateMy-QR | Alle QR & Barcode Tools op één Plek
home - Gratis QR Code Generator Online - CreateMy-QR",text/html; charset=utf-8,false,200,0,0,"Converteer uw home-gegevens rechtstreeks in uw browser naar een aangepaste QR-code. 100% offline verwerkt voor absolute privacy. Gratis, geen grenzen en zeer veilig.
Genereer 37 soorten QR-codes en barcodes gratis. Geen registratie. Direct downloaden. 100% clientzijdig, ISO/IEC 18004-conform, in 30 talen.
Genereer 37 soorten QR-codes en barcodes gratis. Geen registratie. Direct downloaden. 100% clientzijdig, ISO/IEC 18004-conform, in 30 talen.",,,"165
140
140",3,false
1,https://createmy-qr.com/hi,"CreateMy-QR | सभी क्यूआर और बारकोड एक ही स्थान पर उपकरण
CreateMy-QR | सभी क्यूआर और बारकोड एक ही स्थान पर उपकरण
home - मुफ़्त ऑनलाइन क्यूआर कोड जनरेटर - CreateMy-QR",text/html; charset=utf-8,false,200,0,0,"अपने home डेटा को सीधे अपने ब्राउज़र में एक कस्टम क्यूआर कोड में बदलें। पूर्ण गोपनीयता के लिए 100% ऑफ़लाइन संसाधित। निःशुल्क, कोई सीमा नहीं, और अत्यधिक सुरक्षित।
37 प्रकार के क्यूआर कोड और बारकोड मुफ़्त में जेनरेट करें। कोई साइनअप नहीं. तुरंत डाउनलोड करें. 100% क्लाइंट-साइड, आईएसओ/आईईसी 18004-अनुपालक, 30 भाषाओं में उपलब्ध है।
37 प्रकार के क्यूआर कोड और बारकोड मुफ़्त में जेनरेट करें। कोई साइनअप नहीं. तुरंत डाउनलोड करें. 100% क्लाइंट-साइड, आईएसओ/आईईसी 18004-अनुपालक, 30 भाषाओं में उपलब्ध है।",,,"161
165
165",3,false
1,https://createmy-qr.com/cs,"CreateMy-QR | Všechny QR a čárové kódy Nástroje na jednom místě
CreateMy-QR | Všechny QR a čárové kódy Nástroje na jednom místě
home - Zdarma Online Generátor QR Kódů - CreateMy-QR",text/html; charset=utf-8,false,200,0,0,"Převeďte svá data home na vlastní QR kód přímo ve vašem prohlížeči. 100% zpracováno offline pro absolutní soukromí. Zdarma, bez omezení a vysoce bezpečné.
Vygenerujte si zdarma 37 typů QR kódů a čárových kódů.Žádná registrace.Okamžité stažení.100% na straně klienta, v souladu s ISO/IEC 18004, k dispozici ve 30 jazycích.
Vygenerujte si zdarma 37 typů QR kódů a čárových kódů.Žádná registrace.Okamžité stažení.100% na straně klienta, v souladu s ISO/IEC 18004, k dispozici ve 30 jazycích.",,,"154
166
166",3,false
1,https://createmy-qr.com/el,"CreateMy-QR | Όλα τα QR & Barcode Εργαλεία σε ένα μέρος
CreateMy-QR | Όλα τα QR & Barcode Εργαλεία σε ένα μέρος
home - Δωρεάν Δημιουργία QR Code Online - CreateMy-QR",text/html; charset=utf-8,false,200,0,0,"Μετατρέψτε τα δεδομένα σας home σε προσαρμοσμένο κωδικό QR απευθείας στο πρόγραμμα περιήγησής σας. 100% επεξεργασία εκτός σύνδεσης για απόλυτη προστασία της ιδιωτικής ζωής. Δωρεάν, χωρίς όρια και εξαιρετικά ασφαλές.
Δημιουργήστε 37 τύπους κωδικών QR και barcodes δωρεάν.Καμία εγγραφή.Άμεση λήψη.100% από την πλευρά του πελάτη, συμβατό με ISO/IEC 18004, διαθέσιμο σε 30 γλώσσες.
Δημιουργήστε 37 τύπους κωδικών QR και barcodes δωρεάν.Καμία εγγραφή.Άμεση λήψη.100% από την πλευρά του πελάτη, συμβατό με ISO/IEC 18004, διαθέσιμο σε 30 γλώσσες.",,,"215
161
161",3,false
1,https://createmy-qr.com/tl,"CreateMy-QR | Lahat ng QR at Barcode Mga Tool sa Isang Lugar
CreateMy-QR | Lahat ng QR at Barcode Mga Tool sa Isang Lugar
home - Libreng Online QR Code Generator - CreateMy-QR",text/html; charset=utf-8,false,200,0,0,"I-convert ang iyong home data sa isang custom na QR code nang direkta sa iyong browser. 100% na naproseso offline para sa ganap na privacy. Libre, walang limitasyon, at lubos na secure.
Bumuo ng 37 uri ng QR code at barcode nang libre.Walang signup.Instant download.100% client-side, ISO/IEC 18004-compliant, available sa 30 wika.
Bumuo ng 37 uri ng QR code at barcode nang libre.Walang signup.Instant download.100% client-side, ISO/IEC 18004-compliant, available sa 30 wika.",,,"185
144
144",3,false
1,https://createmy-qr.com/ru,"CreateMy-QR | Все Инструменты QR и Штрихкодов в Одном Месте
CreateMy-QR | Все Инструменты QR и Штрихкодов в Одном Месте
home - Бесплатный генератор QR-кодов онлайн - CreateMy-QR",text/html; charset=utf-8,false,200,0,0,"Преобразуйте данные home в собственный QR-код прямо в браузере. 100% обработка в автономном режиме для абсолютной конфиденциальности. Бесплатно, без ограничений и очень безопасно.
Создавайте 37 типов QR-кодов и штрихкодов бесплатно. Без регистрации. Мгновенная загрузка. 100% на стороне клиента, соответствие ISO/IEC 18004, на 30 языках.
Создавайте 37 типов QR-кодов и штрихкодов бесплатно. Без регистрации. Мгновенная загрузка. 100% на стороне клиента, соответствие ISO/IEC 18004, на 30 языках.",,,"179
157
157",3,false
